file_size,download_speed_limit,concurrent_downloads,access_network,time_of_day,time_taken_1,time_taken_2,throughput_1,throughput_2,avg_throughput
1B,0,1,IIT Mandi-Wifi,7 to 10 pm,.393350267,.411996345,.00248267913340452874,.00237031835804271516,.00242649874572362195
1B,0,2,IIT Mandi-Wifi,7 to 10 pm,-2.310550134,.406748403,0,.00480180127468134152,.00240090063734067076
1B,0,5,IIT Mandi-Wifi,7 to 10 pm,.629463229,.520234171,.00775710522083570349,.00938579734317375319,.00857145128200472834
1B,5m,1,IIT Mandi-Wifi,7 to 10 pm,.446693238,.468757075,.00218620390219562714,.00208330188936348320,.00213475289577955517
1B,5m,2,IIT Mandi-Wifi,7 to 10 pm,.439552253,.483227594,.00444344213155472098,.00404183251174186878,.00424263732164829488
1B,5m,5,IIT Mandi-Wifi,7 to 10 pm,.597553675,.695818214,.00817133707695798205,.00701736804492444631,.00759435256094121418
1B,10m,1,IIT Mandi-Wifi,7 to 10 pm,.513661241,.429378672,.00190118004250976763,.00227436191800416206,.00208777098025696484
1B,10m,2,IIT Mandi-Wifi,7 to 10 pm,.426949284,.389894877,.00457460657083570609,.00500936307506292266,.00479198482294931437
1B,10m,5,IIT Mandi-Wifi,7 to 10 pm,.395387467,.390925040,.01234943671090110703,.01249040608910598308,.01241992140000354505
1kB,0,1,IIT Mandi-Wifi,7 to 10 pm,.387021607,.380738014,2.58383506737906754647,2.62647795394551803277,2.60515651066229278962
1kB,0,2,IIT Mandi-Wifi,7 to 10 pm,.390157087,.382917295,5.12614038457796871955,5.22305998218231432978,5.17460018338014152466
1kB,0,5,IIT Mandi-Wifi,7 to 10 pm,.398902831,.385210027,12.53438083521648408657,12.97993211376089127607,12.75715647448868768132
1kB,5m,1,IIT Mandi-Wifi,7 to 10 pm,.437240104,.385053293,2.28707291680636870400,2.59704310592663857571,2.44205801136650363985
1kB,5m,2,IIT Mandi-Wifi,7 to 10 pm,.397131746,.378542160,5.03611212184482476502,5.28342734663953943729,5.15976973424218210115
1kB,5m,5,IIT Mandi-Wifi,7 to 10 pm,.475605344,.448056749,10.51291803819597115376,11.15930071616887975946,10.83610937718242545661
1kB,10m,1,IIT Mandi-Wifi,7 to 10 pm,.368150744,.389403931,2.71627863395001043376,2.56802749122735486714,2.64215306258868265045
1kB,10m,2,IIT Mandi-Wifi,7 to 10 pm,.391336890,.358187843,5.11068608942029462134,5.58366242485789781536,5.34717425713909621835
1kB,10m,5,IIT Mandi-Wifi,7 to 10 pm,.405082318,.395672664,12.34317020966587833142,12.63670820585169361106,12.48993920775878597124
10kB,0,1,IIT Mandi-Wifi,7 to 10 pm,.423102756,.415913827,23.63492049671262363509,24.04344205656812655088,23.83918127664037509298
10kB,0,2,IIT Mandi-Wifi,7 to 10 pm,.390456380,.392177990,51.22211090519253392658,50.99725254851757488991,51.10968172685505440824
10kB,0,5,IIT Mandi-Wifi,7 to 10 pm,.406040628,.382193056,123.14038682848259214100,130.82393626743443502019,126.98216154795851358059
10kB,5m,1,IIT Mandi-Wifi,7 to 10 pm,.368827929,.390139271,27.11291421751306691310,25.63187236795754406379,26.37239329273530548844
10kB,5m,2,IIT Mandi-Wifi,7 to 10 pm,.383274552,.412199817,52.18191475441343676790,48.52015739735275040163,50.35103607588309358476
10kB,5m,5,IIT Mandi-Wifi,7 to 10 pm,.437219008,.479683103,114.35916345155789750110,104.23548314979942080636,109.29732330067865915373
10kB,10m,1,IIT Mandi-Wifi,7 to 10 pm,.369961590,.380768778,27.02983301590848931101,26.26265749131353411544,26.64624525361101171322
10kB,10m,2,IIT Mandi-Wifi,7 to 10 pm,.374350222,.369686810,53.42590660998726481321,54.09984738162554406525,53.76287699580640443923
10kB,10m,5,IIT Mandi-Wifi,7 to 10 pm,.423673842,.399484510,118.01531046611086270461,125.16129849440219847322,121.58830448025653058891
100kB,0,1,IIT Mandi-Wifi,7 to 10 pm,.637529505,.594594405,156.85548545710053058642,168.18187180890139724742,162.51867863300096391692
100kB,0,2,IIT Mandi-Wifi,7 to 10 pm,.689398386,.558871645,290.10801890679216066513,357.86392419318392866397,323.98597154998804466455
100kB,0,5,IIT Mandi-Wifi,7 to 10 pm,.624932507,.625671243,800.08640037027230526191,799.14173073158166548498,799.61406555092698537344
100kB,5m,1,IIT Mandi-Wifi,7 to 10 pm,.642793631,.571934818,155.57092537527024750498,174.84509921898127908694,165.20801229712576329596
100kB,5m,2,IIT Mandi-Wifi,7 to 10 pm,.563985918,.563621231,354.61878322997419236981,354.84823672300591529704,354.73350997649005383342
100kB,5m,5,IIT Mandi-Wifi,7 to 10 pm,.601513104,-2.292477808,831.23708639936795125913,0,415.61854319968397562956
100kB,10m,1,IIT Mandi-Wifi,7 to 10 pm,.581275588,.623513005,172.03543734577066050810,160.38157856867797007698,166.20850795722431529254
100kB,10m,2,IIT Mandi-Wifi,7 to 10 pm,.684999561,.758405327,291.97099003688266597297,263.71122786166822375180,277.84110894927544486238
100kB,10m,5,IIT Mandi-Wifi,7 to 10 pm,.760192045,.907652055,657.72853489936217367283,550.87188669451092687715,604.30021079693655027499
500kB,0,1,IIT Mandi-Wifi,7 to 10 pm,1.157663947,.984524340,431.90426832908876966175,507.85946033594253241113,469.88186433251565103644
500kB,0,2,IIT Mandi-Wifi,7 to 10 pm,.929913008,1.860269738,1075.36940702737217759190,537.55645193428395167496,806.46292948082806463343
500kB,0,5,IIT Mandi-Wifi,7 to 10 pm,.838788979,1.093180416,2980.48742006659102753900,2286.90522022670409785313,2633.69632014664756269606
500kB,5m,1,IIT Mandi-Wifi,7 to 10 pm,.735311214,.726370947,679.98418966040683829418,688.35352248745708712933,684.16885607393196271175
500kB,5m,2,IIT Mandi-Wifi,7 to 10 pm,.735795806,.660479590,1359.07270990886838515086,1514.05132746039888984306,1436.56201868463363749696
500kB,5m,5,IIT Mandi-Wifi,7 to 10 pm,.946925629,.913773824,2640.12286016603316584221,2735.90677948769957323706,2688.01481982686636953963
500kB,10m,1,IIT Mandi-Wifi,7 to 10 pm,.708968699,.846564522,705.24975320525398823002,590.62243574625018363337,647.93609447575208593169
500kB,10m,2,IIT Mandi-Wifi,7 to 10 pm,.856371699,.763518489,1167.71724377127040019102,1309.72597835806959744756,1238.72161106466999881929
500kB,10m,5,IIT Mandi-Wifi,7 to 10 pm,1.006107459,.811537470,2484.82403905923134598289,3080.57248422552812010023,2782.69826164237973304156
1MB,0,1,IIT Mandi-Wifi,7 to 10 pm,.847604149,.861700665,1208.11112263680058979985,1188.34769612252765291761,1198.22940937966412135873
1MB,0,2,IIT Mandi-Wifi,7 to 10 pm,.925417458,.860372584,2213.05528904340164285078,2380.36408654323183315194,2296.70968779331673800136
1MB,0,5,IIT Mandi-Wifi,7 to 10 pm,1.221772932,1.142762475,4190.63138976138325513336,4480.37112874221740611494,4335.50125925180033062415
1MB,5m,1,IIT Mandi-Wifi,7 to 10 pm,.786476445,1.014960775,1302.00975059081394357589,1008.90598456871399783898,1155.45786757976397070743
1MB,5m,2,IIT Mandi-Wifi,7 to 10 pm,.876382022,-1.846810342,2336.88043408996356613988,0,1168.44021704498178306994
1MB,5m,5,IIT Mandi-Wifi,7 to 10 pm,1.405715897,1.238100150,3642.27224784667850988954,4135.36820910650887167730,3888.82022847659369078342
1MB,10m,1,IIT Mandi-Wifi,7 to 10 pm,.864690064,1.021215791,1184.23935076001983526897,1002.72636696821308749229,1093.48285886411646138063
1MB,10m,2,IIT Mandi-Wifi,7 to 10 pm,.834487354,.822794670,2454.20136109096747318713,2489.07786434737113695692,2471.63961271916930507202
1MB,10m,5,IIT Mandi-Wifi,7 to 10 pm,1.094355384,1.254291587,4678.55330622652650101093,4081.98544346929435316383,4380.26937484791042708738
10MB,0,1,IIT Mandi-Wifi,7 to 10 pm,3.776193588,3.623305323,2711.72538201979490252765,2826.14880258601932895954,2768.93709230290711574359
10MB,0,2,IIT Mandi-Wifi,7 to 10 pm,2.651775628,3.986147383,7723.12701864835149619981,5137.79296955814541190535,6430.45999410324845405258
10MB,0,5,IIT Mandi-Wifi,7 to 10 pm,6.128901554,2.386160323,8353.86235998268736427480,21457.06619395498179189194,14905.46427696883457808337
10MB,5m,1,IIT Mandi-Wifi,7 to 10 pm,2.799885073,2.826971235,3657.29297203907054795030,3622.25121827247739929691,3639.77209515577397362360
10MB,5m,2,IIT Mandi-Wifi,7 to 10 pm,3.269942561,2.726518370,6263.10695614692786648003,7511.41097208158549835847,6887.25896411425668241925
10MB,5m,5,IIT Mandi-Wifi,7 to 10 pm,5.334465805,5.433279458,9597.96198374918629738971,9423.40632315769243467468,9510.68415345343936603219
10MB,10m,1,IIT Mandi-Wifi,7 to 10 pm,2.966680972,1.784449455,3451.66874923415256933801,5738.46458430507912593130,4595.06666676961584763465
10MB,10m,2,IIT Mandi-Wifi,7 to 10 pm,.424370164,2.433920524,48259.75466079184586595960,8414.40786502854601837442,28337.08126291019594216701
10MB,10m,5,IIT Mandi-Wifi,7 to 10 pm,5.149941784,5.378005935,9941.85995637266411476002,9520.25725125942985780658,9731.05860381604698628330
100MB,0,1,IIT Mandi-Wifi,7 to 10 pm,10.035199480,16.496295136,10204.08216140412985592190,6207.45441056832459426239,8205.76828598622722509214
100MB,0,2,IIT Mandi-Wifi,7 to 10 pm,18.133518348,16.108257527,11294.00241418610331780275,12713.97602482594081511917,12003.98921950602206646096
100MB,0,5,IIT Mandi-Wifi,7 to 10 pm,48.171688863,49.218409392,10628.64956751101234480295,10402.61167162425393968530,10515.63061956763314224412
100MB,5m,1,IIT Mandi-Wifi,7 to 10 pm,15.432817231,20.546538211,6635.21108733850980185952,4983.80792659164904029876,5809.50950696507942107914
100MB,5m,2,IIT Mandi-Wifi,7 to 10 pm,26.566744195,20.836069235,7708.88591002221602864347,9829.10920913917763721617,8768.99755958069683292982
100MB,5m,5,IIT Mandi-Wifi,7 to 10 pm,43.984570224,44.840956723,11640.44566975510207272361,11418.13282804875893637832,11529.28924890193050455096
100MB,10m,1,IIT Mandi-Wifi,7 to 10 pm,11.185808910,11.289630351,9154.45640309977367564381,9070.27040003393287362735,9112.36340156685327463558
100MB,10m,2,IIT Mandi-Wifi,7 to 10 pm,24.378764862,20.552530292,8400.75373626613225094570,9964.70979924635743726264,9182.73176775624484410417
100MB,10m,5,IIT Mandi-Wifi,7 to 10 pm,45.294333797,130.799133403,11303.84216036116037280326,3914.39902298509267440639,7609.12059167312652360482
500MB,0,1,IIT Mandi-Wifi,7 to 10 pm,58.740492437,43.118655591,8716.30418401968903466787,11874.21066316520072505430,10295.25742359244487986108
500MB,0,2,IIT Mandi-Wifi,7 to 10 pm,81.894474769,99.611451786,12503.89605511727120458479,10279.94253311263550385857,11391.91929411495335422168
500MB,0,5,IIT Mandi-Wifi,7 to 10 pm,220.606219229,233.968252515,11604.38726046338393277065,10941.65542752803681596536,11273.02134399571037436800
500MB,5m,1,IIT Mandi-Wifi,7 to 10 pm,94.397947715,93.384113316,5423.84672965344880114589,5482.73128928747133449946,5453.28900947046006782267
500MB,5m,2,IIT Mandi-Wifi,7 to 10 pm,111.926705088,150.052708245,9148.84431910062661023698,6824.26869848996106668037,7986.55650879529383845867
1B,0,1,Mobile Data,7 to 10 pm,.099538612,.129830178,.00981089127503606339,.00752184519072291497,.00866636823287948918
1B,0,2,Mobile Data,7 to 10 pm,.097661726,.083931319,.01999887857808288172,.02327051478840693543,.02163469668324490857
1B,0,5,Mobile Data,7 to 10 pm,.114865140,.105177807,.04250908935469891039,.04642436117725862072,.04446672526597876555
1B,5m,1,Mobile Data,7 to 10 pm,.080738458,.077588604,.01209538210402779800,.01258641668562563646,.01234089939482671723
1B,5m,2,Mobile Data,7 to 10 pm,.083240404,.078664145,.02346366555356939401,.02482865605416546509,.02414616080386742955
1B,5m,5,Mobile Data,7 to 10 pm,.103358283,.098449614,.04724161778113129065,.04959707104590577673,.04841934441351853369
1B,10m,1,Mobile Data,7 to 10 pm,.079389632,.077233372,.01230088205976316907,.01264430743746369121,.01247259474861343014
1B,10m,2,Mobile Data,7 to 10 pm,.082259869,.091162396,.02374335169437237980,.02142467821929559639,.02258401495683398809
1B,10m,5,Mobile Data,7 to 10 pm,.103549446,.108717722,.04715440486277444690,.04491275580627048090,.04603358033452246390
1kB,0,1,Mobile Data,7 to 10 pm,.089626060,.079146847,11.15746915573439243005,12.63474210160260711333,11.89610562866849977169
1kB,0,2,Mobile Data,7 to 10 pm,.097924524,.087238224,20.42389299742728389468,22.92573035416218468638,21.67481167579473429053
1kB,0,5,Mobile Data,7 to 10 pm,.105675984,.108429412,47.31443995827850536030,46.11294950119253620964,46.71369472973552078497
1kB,5m,1,Mobile Data,7 to 10 pm,.081925608,.084104457,12.20619565008293865820,11.88997629459756217200,12.04808597234025041510
1kB,5m,2,Mobile Data,7 to 10 pm,.081600025,.091991587,24.50979641243982462015,21.74111856554882567685,23.12545748899432514850
1kB,5m,5,Mobile Data,7 to 10 pm,.115421858,.123545907,43.31935117523407048255,40.47078629646549116353,41.89506873584978082304
1kB,10m,1,Mobile Data,7 to 10 pm,.090104942,.081976221,11.09817039780126599493,12.19865941368534175294,11.64841490574330387393
1kB,10m,2,Mobile Data,7 to 10 pm,.080856269,.085440024,24.73524965639955511674,23.40823312502814840033,24.07174139071385175853
1kB,10m,5,Mobile Data,7 to 10 pm,1.355197271,.120038968,3.68949975549353065366,41.65314050350716110788,22.67132012950034588077
10kB,0,1,Mobile Data,7 to 10 pm,.080820732,.083302939,123.73062891833248924298,120.04378380935635416176,121.88720636384442170237
10kB,0,2,Mobile Data,7 to 10 pm,.084671852,.086911655,236.20600621798139008462,230.11873378777564412966,233.16237000287851710714
10kB,0,5,Mobile Data,7 to 10 pm,.109316822,.106354232,457.38614684572517119094,470.12703735193160907785,463.75659209882839013439
10kB,5m,1,Mobile Data,7 to 10 pm,.082211815,.079959614,121.63701774495551521396,125.06313499712492358955,123.35007637104021940175
10kB,5m,2,Mobile Data,7 to 10 pm,.087531906,.090774245,228.48811266602603169637,220.32681186166847215308,224.40746226384725192472
10kB,5m,5,Mobile Data,7 to 10 pm,.110210430,.103303609,453.67756935527789883407,484.01019561668944208909,468.84388248598367046158
10kB,10m,1,Mobile Data,7 to 10 pm,.081750259,.078809480,122.32377147575764866995,126.88828805874623205228,124.60602976725194036111
10kB,10m,2,Mobile Data,7 to 10 pm,.087210848,.097265194,229.32926876252825795249,205.62340111098734867068,217.47633493675780331158
10kB,10m,5,Mobile Data,7 to 10 pm,.108603029,.136438795,460.39231557712814805561,366.46468476946018176135,413.42850017329416490848
100kB,0,1,Mobile Data,7 to 10 pm,.098653540,.099567605,1013.64836984055513872082,1004.34272773760099984327,1008.99554878907806928204
100kB,0,2,Mobile Data,7 to 10 pm,.122427706,.119889466,1633.61714871958803181364,1668.20327650804616979443,1650.91021261381710080403
100kB,0,5,Mobile Data,7 to 10 pm,.191783947,.155301666,2607.10037425603718542720,3219.54047807832273995051,2913.32042616717996268885
100kB,5m,1,Mobile Data,7 to 10 pm,.091289433,.105603474,1095.41703474048305240322,946.93854484370466827634,1021.17778979209386033978
100kB,5m,2,Mobile Data,7 to 10 pm,.106332245,.116302063,1880.89699413381143227061,1719.65995134583296256748,1800.27847273982219741904
100kB,5m,5,Mobile Data,7 to 10 pm,.134293756,.152167497,3723.18129221138174138192,3285.85282571875385451073,3504.51705896506779794632
100kB,10m,1,Mobile Data,7 to 10 pm,.104934973,.096792504,952.97113194092116457684,1033.13785538599146066104,993.05449366345631261894
100kB,10m,2,Mobile Data,7 to 10 pm,.110595744,.103520778,1808.38785261031382907465,1931.97929791447278342517,1870.18357526239330624991
100kB,10m,5,Mobile Data,7 to 10 pm,.135490524,.146235780,3690.29497590547365511701,3419.13586401358135471360,3554.71541995952750491530
500kB,0,1,Mobile Data,7 to 10 pm,.139172515,.227013694,3592.66339334314681314769,2202.51030318902259702447,2897.58684826608470508608
500kB,0,2,Mobile Data,7 to 10 pm,.168088071,.174852992,5949.26215793148105078795,5719.09001133935414728276,5834.17608463541759903535
500kB,0,5,Mobile Data,7 to 10 pm,.231281029,.234680997,10809.36041667299915031076,10652.75856144415476469106,10731.05948905857695750091
500kB,5m,1,Mobile Data,7 to 10 pm,.132134990,.136034318,3784.00906527483749762269,3675.54310817363012765646,3729.77608672423381263957
500kB,5m,2,Mobile Data,7 to 10 pm,.140700157,.162821101,7107.31260946638460396316,6141.71009689954129471216,6624.51135318296294933766
500kB,5m,5,Mobile Data,7 to 10 pm,.209717355,.207729078,11920.80645876923252250630,12034.90635047251304894348,11977.85640462087278572489
500kB,10m,1,Mobile Data,7 to 10 pm,.138105213,.131147793,3620.42814415702034361295,3812.49267381876567301441,3716.46040898789300831368
500kB,10m,2,Mobile Data,7 to 10 pm,.181659238,.162186283,5504.81225733204936156343,6165.74954122353244879531,5835.28089927779090517937
500kB,10m,5,Mobile Data,7 to 10 pm,.224742492,.208617243,11123.84212594741540909851,11983.66905845841323864106,11553.75559220291432386978
1MB,0,1,Mobile Data,7 to 10 pm,.171689943,.163626906,5964.23985067081069506791,6258.13947737910536547088,6111.18966402495803026939
1MB,0,2,Mobile Data,7 to 10 pm,.205777459,.202580129,9952.49921907141442542547,10109.57989862865572565609,10031.03955885003507554078
1MB,0,5,Mobile Data,7 to 10 pm,.323405487,.342969155,15831.51865323793965190207,14928.45617559981450810058,15379.98741441887708000132
1MB,5m,1,Mobile Data,7 to 10 pm,.163179259,.164185204,6275.30732934631110195199,6236.85919956587561934021,6256.08326445609336064610
1MB,5m,2,Mobile Data,7 to 10 pm,.200273007,.199335821,10226.04109599253183430755,10274.11927131752200222959,10250.08018365502691826857
1MB,5m,5,Mobile Data,7 to 10 pm,.299788820,.343261752,17078.68892509066882480807,14915.73112986966284551271,15997.21002748016583516039
1MB,10m,1,Mobile Data,7 to 10 pm,.171510063,.174643603,5970.49515397822458965571,5863.36964200171706260549,5916.93239798997082613060
1MB,10m,2,Mobile Data,7 to 10 pm,.217762257,.202173110,9404.75189876453200060284,10129.93270964669831710062,9767.34230420561515885173
1MB,10m,5,Mobile Data,7 to 10 pm,.313560995,.313559051,16328.56152915320350989446,16328.66276279168863794016,16328.61214597244607391731
10MB,0,1,Mobile Data,7 to 10 pm,.662840652,.639833827,15448.66020076270156103823,16004.15540393115226775904,15726.40780234692691439863
10MB,0,2,Mobile Data,7 to 10 pm,.955348940,.915556663,21437.19340914326026258007,22368.90498168981158952037,21903.04919541653592605022
10MB,0,5,Mobile Data,7 to 10 pm,1.769593505,1.790589041,28933.19841835653663297097,28593.94245561005865666972,28763.57043698329764482034
10MB,5m,1,Mobile Data,7 to 10 pm,1.984865922,1.945269669,5159.03864664164454328316,5264.05164445094733032615,5211.54514554629593680465
10MB,5m,2,Mobile Data,7 to 10 pm,2.023320118,2.033704057,10121.97714924317279980705,10070.29509997186380201040,10096.13612460751830090872
10MB,5m,5,Mobile Data,7 to 10 pm,1.999157203,2.025456095,25610.79234947988229818062,25278.25714237464130270372,25444.52474592726180044217
10MB,10m,1,Mobile Data,7 to 10 pm,-1.421823899,1.005415133,0,10184.84769514604073499657,5092.42384757302036749828
10MB,10m,2,Mobile Data,7 to 10 pm,.985802945,1.107827354,20774.94300851373496353269,18486.63505739721967544051,19630.78903295547731948660
10MB,10m,5,Mobile Data,7 to 10 pm,1.790268373,1.744935673,28599.06412478415603446511,29342.05586614768004688502,28970.55999546591804067506
100MB,0,1,Mobile Data,7 to 10 pm,5.736313617,5.563471174,17851.18576789976091016085,18405.77524308028346045673,18128.48050549002218530879
100MB,0,2,Mobile Data,7 to 10 pm,7.884583583,5.795050480,25974.73891221986174485329,35340.50319437424469165279,30657.62105329705321825304
100MB,0,5,Mobile Data,7 to 10 pm,16.747467606,17.003225761,30571.78625719922470289207,30111.93329999566309940028,30341.85977859744390114617
100MB,5m,1,Mobile Data,7 to 10 pm,20.029554305,17.569179715,5112.44526167203699044066,5828.38821510683146882478,5470.41673838943422963272
100MB,5m,2,Mobile Data,7 to 10 pm,17.765585454,20.062131313,11527.90604791965219521214,10208.28728537392561527792,10868.09666664678890524503
100MB,5m,5,Mobile Data,7 to 10 pm,17.719702590,20.092952452,28894.39015127397801319418,25481.57127346592896819741,27187.98071236995349069579
100MB,10m,1,Mobile Data,7 to 10 pm,7.623055941,10.127409450,13432.93303795000971251563,10111.17408707120062179375,11772.05356251060516715469
100MB,10m,2,Mobile Data,7 to 10 pm,10.075380351,7.761166315,20326.77604867524668200985,26387.78653720938848351428,23357.28129294231758276206
100MB,10m,5,Mobile Data,7 to 10 pm,17.692854807,15.221254031,28938.23555243511923994053,33637.17594866017908849917,31287.70575054764916421985
500MB,0,1,Mobile Data,7 to 10 pm,27.571934883,31.651144870,18569.60718109353007643253,16176.35008474181616546371,17372.97863291767312094812
500MB,0,2,Mobile Data,7 to 10 pm,41.415172119,39.918943844,24725.23830295082782582314,25651.98127489818064536266,25188.60978892450423559290
500MB,0,5,Mobile Data,7 to 10 pm,79.561156147,83.741372651,32176.50577211388999299178,30570.31332253221295480481,31373.40954732305147389829
500MB,5m,1,Mobile Data,7 to 10 pm,93.593349660,93.041175125,5470.47415078059724612275,5502.93995440333277927308,5486.70705259196501269791
500MB,5m,2,Mobile Data,7 to 10 pm,93.095432482,92.155117087,10999.46552370322120182059,11111.69984227009460280433,11055.58268298665790231246
500MB,5m,5,Mobile Data,7 to 10 pm,92.711135659,93.183482844,27612.64848934558557093772,27472.67994141985517821326,27542.66421538272037457549
500MB,10m,1,Mobile Data,7 to 10 pm,45.281606013,47.702432719,11307.01945185002376298114,10733.20522280342949400010,11020.11233732672662849062
500MB,10m,2,Mobile Data,7 to 10 pm,45.285281711,47.654212064,22612.20337625206299337710,21488.13201705569175938604,22050.16769665387737638157
500MB,10m,5,Mobile Data,7 to 10 pm,79.721406963,82.143297930,32111.82664134537396874817,31165.05015639320338644698,31638.43839886928867759757
1B,0,1,Mobile Data,11 am to 1 pm,.082583872,.075809525,.01182509945767619130,.01288179156906734345,.01235344551337176737
1B,0,2,Mobile Data,11 am to 1 pm,.080208182,.081928737,.02435069529440275806,.02383931537965732341,.02409500533703004073
1B,0,5,Mobile Data,11 am to 1 pm,.102098707,.099156169,.04782443033289344202,.04924365825388030068,.04853404429338687135
1B,5m,1,Mobile Data,11 am to 1 pm,.080973734,.074351844,.01206023795321085229,.01313434136213218867,.01259728965767152048
1B,5m,2,Mobile Data,11 am to 1 pm,.090380808,.083573028,.02160995285636304557,.02337027922453641382,.02249011604044972969
1B,5m,5,Mobile Data,11 am to 1 pm,.113125954,.098404030,.04316261942860610041,.04962004604892706121,.04639133273876658081
1B,10m,1,Mobile Data,11 am to 1 pm,.086181001,.084769886,.01133152885982375628,.01152015823166259772,.01142584354574317700
1B,10m,2,Mobile Data,11 am to 1 pm,.078531628,.086486180,.02487055279180001209,.02258308784131753766,.02372682031655877487
1B,10m,5,Mobile Data,11 am to 1 pm,.103536985,.101946687,.04716008004289481676,.04789574476314271988,.04752791240301876832
1kB,0,1,Mobile Data,11 am to 1 pm,.076326002,.071024662,13.10169501607067012366,14.07961645773125960106,13.59065573690096486236
1kB,0,2,Mobile Data,11 am to 1 pm,.087373027,.082871843,22.89035951564319729932,24.13364935060029979060,23.51200443312174854496
1kB,0,5,Mobile Data,11 am to 1 pm,.105951244,.099725658,47.19151763805623650818,50.13754835290231928076,48.66453299547927789447
1kB,5m,1,Mobile Data,11 am to 1 pm,.076295429,.075395738,13.10694510938525557016,13.26334918294718462733,13.18514714616622009874
1kB,5m,2,Mobile Data,11 am to 1 pm,.088820543,.080908192,22.51731336522002573211,24.71937575863764203258,23.61834456192883388234
1kB,5m,5,Mobile Data,11 am to 1 pm,.102024689,.094426573,49.00774556636972448894,52.95119626971954176500,50.97947091804463312697
1kB,10m,1,Mobile Data,11 am to 1 pm,.075368597,.074020829,13.26812545017920394617,13.50971089502388577679,13.38891817260154486148
1kB,10m,2,Mobile Data,11 am to 1 pm,.077123248,.074177288,25.93251777985284022270,26.96243087237160787005,26.44747432611222404637
1kB,10m,5,Mobile Data,11 am to 1 pm,.105726801,.117748242,47.29169853536001718239,42.46347898765231671144,44.87758876150616694691
10kB,0,1,Mobile Data,11 am to 1 pm,.083003633,.080405966,120.47665431704658035871,124.36888078678141868229,122.42276755191399952050
10kB,0,2,Mobile Data,11 am to 1 pm,.097463379,.084823545,205.20528023146006460539,235.78359051133738869319,220.49443537139872664929
10kB,0,5,Mobile Data,11 am to 1 pm,.105729178,.103328003,472.90635324905297192417,483.89592896709713822689,478.40114110807505507553
10kB,5m,1,Mobile Data,11 am to 1 pm,.076382684,.075124264,130.91972520892300668565,133.11278497184345127161,132.01625509038322897863
10kB,5m,2,Mobile Data,11 am to 1 pm,.089928600,.089009118,222.39865849129198052677,224.69608113631684340473,223.54736981380441196575
10kB,5m,5,Mobile Data,11 am to 1 pm,.097578632,.122567365,512.40726555789386348437,407.93893219455276696207,460.17309887622331522322
10kB,10m,1,Mobile Data,11 am to 1 pm,.078727553,.072952823,127.02033302114699284505,137.07488742416451793784,132.04761022265575539144
10kB,10m,2,Mobile Data,11 am to 1 pm,.077246863,.088596885,258.91019030766336750788,225.74157093672085649512,242.32588062219211200150
10kB,10m,5,Mobile Data,11 am to 1 pm,.105393019,.102559365,474.41472380632724829715,487.52251927456844140951,480.96862154044784485333
100kB,0,1,Mobile Data,11 am to 1 pm,.089789339,.091343803,1113.71796600485053130862,1094.76501651677454243940,1104.24149126081253687401
100kB,0,2,Mobile Data,11 am to 1 pm,.096451158,.092598772,2073.58837516497209914265,2159.85585640379766591289,2116.72211578438488252777
100kB,0,5,Mobile Data,11 am to 1 pm,.133819466,.145508427,3736.37718745641983057980,3436.22709906691521034723,3586.30214326166752046351
100kB,5m,1,Mobile Data,11 am to 1 pm,.089044586,.088486653,1123.03290398812118684003,1130.11393933048863312752,1126.57342165930490998377
100kB,5m,2,Mobile Data,11 am to 1 pm,.126683795,.111088392,1578.73388620857150671875,1800.36812487122866986858,1689.55100553990008829366
100kB,5m,5,Mobile Data,11 am to 1 pm,.131074547,.125626748,3814.62313960924846835442,3980.04412245073795908495,3897.33363102999321371968
100kB,10m,1,Mobile Data,11 am to 1 pm,.094248354,.086528673,1061.02648752889626061798,1155.68627754178086147235,1108.35638253533856104516
100kB,10m,2,Mobile Data,11 am to 1 pm,.104002964,.102676532,1923.02211694659009910525,1947.86477595484039137589,1935.44344645071524524057
100kB,10m,5,Mobile Data,11 am to 1 pm,.125505993,.127034949,3983.87350315614012153188,3935.92475091244378741790,3959.89912703429195447489
500kB,0,1,Mobile Data,11 am to 1 pm,.145656763,.148286047,3432.72766538138706267967,3371.86141323195431866897,3402.29453930667069067432
500kB,0,2,Mobile Data,11 am to 1 pm,.186424379,.191458298,5364.10530298722357551744,5223.06951668399350337899,5293.58740983560853944821
500kB,0,5,Mobile Data,11 am to 1 pm,.271443798,.224283382,9210.00965363739863380485,11146.61272585946648512728,10178.31118974843255946606
500kB,5m,1,Mobile Data,11 am to 1 pm,.136520144,.132018516,3662.46317466527137562937,3787.34752631214245735045,3724.90535048870691648991
500kB,5m,2,Mobile Data,11 am to 1 pm,.161487822,.149285243,6192.41740717761367789083,6698.58574031995915363181,6445.50157374878641576132
500kB,5m,5,Mobile Data,11 am to 1 pm,.228163610,.228509341,10957.04963644290165289723,10940.47179454252594426763,10948.76071549271379858243
500kB,10m,1,Mobile Data,11 am to 1 pm,.129504238,.128171877,3860.87751043328790521897,3901.01176407052227221420,3880.94463725190508871658
500kB,10m,2,Mobile Data,11 am to 1 pm,.190158602,.149082246,5258.76815186093974334119,6707.70683183831292694637,5983.23749184962633514378
500kB,10m,5,Mobile Data,11 am to 1 pm,.219083527,.222753286,11411.17287197955325961134,11223.17899274446618040014,11317.17593236200972000574
1MB,0,1,Mobile Data,11 am to 1 pm,.169759438,.162329756,6032.06520982945289910773,6308.14722594667116976384,6170.10621788806203443578
1MB,0,2,Mobile Data,11 am to 1 pm,.256909440,.293106102,7971.68060465197386285221,6987.23085608091502646369,7479.45573036644444465795
1MB,0,5,Mobile Data,11 am to 1 pm,.479474497,.434224323,10678.35731000308030981677,11791.14049767313472211919,11234.74890383810751596798
1MB,5m,1,Mobile Data,11 am to 1 pm,.156663073,.265132026,6536.32014482442840885675,3862.22673831187787174379,5199.27344156815314030027
1MB,5m,2,Mobile Data,11 am to 1 pm,.264548638,.249723945,7741.48759745268467418834,8201.05576980213090899232,7971.27168362740779159033
1MB,5m,5,Mobile Data,11 am to 1 pm,.368732382,.388205679,13885.40917461379890416025,13188.88485400029400394217,13537.14701430704645405121
1MB,10m,1,Mobile Data,11 am to 1 pm,.193659578,.217126487,5287.62899607268585496969,4716.14501827222949542770,5001.88700717245767519869
1MB,10m,2,Mobile Data,11 am to 1 pm,.348265820,.242837816,5880.56559785281254416525,8433.61233326196608521631,7157.08896555738931469078
1MB,10m,5,Mobile Data,11 am to 1 pm,.426812315,.445442937,11995.90503849449611124739,11494.17708692954312125505,11745.04106271201961625122
10MB,0,1,Mobile Data,11 am to 1 pm,.857618264,.937461889,11940.04422461786564750677,10923.11071005042211374632,11431.57746733414388062654
10MB,0,2,Mobile Data,11 am to 1 pm,1.212837305,1.133361754,16886.02413165383299287615,18070.13508945353029797051,17478.07961055368164542333
10MB,0,5,Mobile Data,11 am to 1 pm,1.761457888,2.168047586,29066.83171298160492838305,23615.71781478416313690635,26341.27476388288403264470
10MB,5m,1,Mobile Data,11 am to 1 pm,2.060381731,2.080537034,4969.95282278592480880427,4921.80616478274137753223,4945.87949378433309316825
10MB,5m,2,Mobile Data,11 am to 1 pm,1.926306295,2.069082764,10631.74639108989673939678,9898.10574827252294485789,10264.92606968120984212733
10MB,5m,5,Mobile Data,11 am to 1 pm,2.054260637,2.114938120,24923.80912033218304810462,24208.74611688402495672071,24566.27761860810400241266
10MB,10m,1,Mobile Data,11 am to 1 pm,.883010067,.954506452,11596.69677922256349541709,10728.05739400072698513304,11162.37708661164524027506
10MB,10m,2,Mobile Data,11 am to 1 pm,1.091383930,.995720773,18765.16543541189945869919,20568.01520600595122865835,19666.59032070892534367877
10MB,10m,5,Mobile Data,11 am to 1 pm,2.108786584,1.934289819,24279.36538883064138461912,26469.66317925907461957230,25374.51428404485800209571
100MB,0,1,Mobile Data,11 am to 1 pm,11.196206529,6.633186328,9145.95490309751859347824,15437.52805009399699769748,12291.74147659575779558786
100MB,0,2,Mobile Data,11 am to 1 pm,10.253275577,10.117859036,19974.10471044047702571566,20241.43638207532742305345,20107.77054625790222438455
100MB,0,5,Mobile Data,11 am to 1 pm,23.248811875,20.398372293,22022.63078013744734643563,25100.04193695887654519925,23561.33635854816194581744
100MB,5m,1,Mobile Data,11 am to 1 pm,20.077654807,20.189253578,5100.19725831219187969177,5072.00524300631477263423,5086.10125065925332616300
100MB,5m,2,Mobile Data,11 am to 1 pm,20.188581639,20.023872323,10144.34811033829259688093,10227.79194235876071411764,10186.07002634852665549928
100MB,5m,5,Mobile Data,11 am to 1 pm,22.646554368,20.448924397,22608.29579988845745101209,25037.99173295950838367217,23823.14376642398291734213
100MB,10m,1,Mobile Data,11 am to 1 pm,10.014765839,10.080359219,10224.90207421813289987198,10158.36814693974448927820,10191.63511057893869457509
100MB,10m,2,Mobile Data,11 am to 1 pm,10.033450787,10.070074999,20411.72118622960461628863,20337.48507536810650122944,20374.60313079885555875903
100MB,10m,5,Mobile Data,11 am to 1 pm,21.763507110,22.128226133,23525.62008559474309837004,23137.86911443616889035702,23331.74460001545599436353
500MB,0,1,Mobile Data,11 am to 1 pm,39.829650903,33.452403715,12854.74485445303678111426,15305.32766380611642095268,14080.03625912957660103347
500MB,0,2,Mobile Data,11 am to 1 pm,52.956651485,56.084832512,19336.57003011318701771953,18258.05577258171058510372,18797.31290134744880141162
500MB,0,5,Mobile Data,11 am to 1 pm,120.687497864,91.086879516,21211.80772912208231510941,28105.03569342629010476947,24658.42171127418620993944
500MB,5m,1,Mobile Data,11 am to 1 pm,100.139402070,99.954041539,5112.87254982907648591674,5122.35415513667036614692,5117.61335248287342603183
500MB,5m,2,Mobile Data,11 am to 1 pm,99.943091921,100.056945750,10245.83070543205353031435,10234.17207395619509003451,10240.00138969412431017443
500MB,5m,5,Mobile Data,11 am to 1 pm,103.602966322,114.325707132,24709.71721063923071636933,22392.16414418704913818997,23550.94067741313992727965
500MB,10m,1,Mobile Data,11 am to 1 pm,50.057953923,50.108033354,10228.14477770240365563253,10217.92247129029082349405,10223.03362449634723956329
500MB,10m,2,Mobile Data,11 am to 1 pm,50.580175593,51.190824909,20245.08590558779320131728,20003.58466229692926943491,20124.33528394236123537609
500MB,10m,5,Mobile Data,11 am to 1 pm,106.801973774,96.416812101,23969.59447038992322658870,26551.38605203322848659053,25260.49026121157585658961
1B,0,1,IIT Mandi-Wifi,11 am to 1 pm,.313539316,.378212411,.00311464129111004375,.00258204773719072904,.00284834451415038639
1B,0,2,IIT Mandi-Wifi,11 am to 1 pm,.346475345,.652454692,.00563712549301307427,.00299350288065673072,.00431531418683490249
1B,0,5,IIT Mandi-Wifi,11 am to 1 pm,.401768090,.389235572,.01215331088140922291,.01254462040792099032,.01234896564466510661
1B,5m,1,IIT Mandi-Wifi,11 am to 1 pm,.359099942,.342425754,.00271947273107607463,.00285189559661449997,.00278568416384528730
1B,5m,2,IIT Mandi-Wifi,11 am to 1 pm,.340411990,.379738214,.00573753292297371781,.00514334593673524782,.00544043942985448281
1B,5m,5,IIT Mandi-Wifi,11 am to 1 pm,.452827398,.387356916,.01078294405675515243,.01260546100589049505,.01169420253132282374
1B,10m,1,IIT Mandi-Wifi,11 am to 1 pm,.654173053,.388542412,.00149281982117964128,.00251340000432179331,.00200310991275071729
1B,10m,2,IIT Mandi-Wifi,11 am to 1 pm,.356741228,.342354181,.00547490687002961149,.00570498363506184257,.00558994525254572703
1B,10m,5,IIT Mandi-Wifi,11 am to 1 pm,.436442596,.368894822,.01118775423102835727,.01323632702006318754,.01221204062554577240
1kB,0,1,IIT Mandi-Wifi,11 am to 1 pm,.324694323,.343369179,3.07981978483806136641,2.91231729915980606983,2.99606854199893371812
1kB,0,2,IIT Mandi-Wifi,11 am to 1 pm,.376570643,.346792885,5.31108846952788085501,5.76713100673908001313,5.53910973813348043407
1kB,0,5,IIT Mandi-Wifi,11 am to 1 pm,.497904543,.413139145,10.04208551678147672575,12.10246005616340228423,11.07227278647243950499
1kB,5m,1,IIT Mandi-Wifi,11 am to 1 pm,.357889758,.379310693,2.79415651788504101310,2.63636121642370888816,2.71525886715437495063
1kB,5m,2,IIT Mandi-Wifi,11 am to 1 pm,.401544181,.368625313,4.98077196641034128197,5.42556338229545294411,5.20316767435289711304
1kB,5m,5,IIT Mandi-Wifi,11 am to 1 pm,.400281043,.441527175,12.49122357263369077410,11.32433128266680301161,11.90777742765024689285
1kB,10m,1,IIT Mandi-Wifi,11 am to 1 pm,.304978431,.352346500,3.27892040339075650894,2.83811532113984387527,3.05851786226530019210
1kB,10m,2,IIT Mandi-Wifi,11 am to 1 pm,.328181247,.345835768,6.09419343208236392617,5.78309181715408916292,5.93864262461822654454
1kB,10m,5,IIT Mandi-Wifi,11 am to 1 pm,.386529307,.381020425,12.93562974255921039384,13.12265608858107803538,13.02914291557014421461
10kB,0,1,IIT Mandi-Wifi,11 am to 1 pm,.341519649,.389159492,29.28089212225677826226,25.69640521578232505247,27.48864866901955165736
10kB,0,2,IIT Mandi-Wifi,11 am to 1 pm,.363123784,.370230480,55.07763710679992252999,54.02040372256762868362,54.54902041468377560680
10kB,0,5,IIT Mandi-Wifi,11 am to 1 pm,.380467732,.404281470,131.41718940832543454696,123.67621004247362611004,127.54669972539953032850
10kB,5m,1,IIT Mandi-Wifi,11 am to 1 pm,.348081851,.382846185,28.72887503692342753026,26.12015057692164282634,27.42451280692253517830
10kB,5m,2,IIT Mandi-Wifi,11 am to 1 pm,.374062963,.391743757,53.46693465613167374712,51.05378105617136867352,52.26035785615152121032
10kB,5m,5,IIT Mandi-Wifi,11 am to 1 pm,.382941055,.390565332,130.56839779166535173409,128.01955499726739699467,129.29397639446637436438
10kB,10m,1,IIT Mandi-Wifi,11 am to 1 pm,.336196411,.329463732,29.74451740949727152203,30.35235453473221750550,30.04843597211474451376
10kB,10m,2,IIT Mandi-Wifi,11 am to 1 pm,.387087871,.400491101,51.66785502302654169187,49.93868765138928767358,50.80327133720791468272
10kB,10m,5,IIT Mandi-Wifi,11 am to 1 pm,.399455116,.394166047,125.17050851840886173554,126.85009371190208069849,126.01030111515547121701
100kB,0,1,IIT Mandi-Wifi,11 am to 1 pm,.474428034,.593599668,210.78012434653050034560,168.46370608145286226811,189.62191521399168130685
100kB,0,2,IIT Mandi-Wifi,11 am to 1 pm,.686733471,.567990779,291.23380240774662925960,352.11839240087381770681,321.67609740431022348320
100kB,0,5,IIT Mandi-Wifi,11 am to 1 pm,.559946852,.832370471,892.94188942060522558308,600.69406282434062945032,746.81797612247292751670
100kB,5m,1,IIT Mandi-Wifi,11 am to 1 pm,.523688823,.535444153,190.95309200440964920116,186.76084039711233899681,188.85696620076099409898
100kB,5m,2,IIT Mandi-Wifi,11 am to 1 pm,.510643594,.552493207,391.66260450532548930791,361.99540096788918528730,376.82900273660733729760
100kB,5m,5,IIT Mandi-Wifi,11 am to 1 pm,.573896931,.612136591,871.23658098112394331657,816.81116167747599979691,844.02387132929997155674
100kB,10m,1,IIT Mandi-Wifi,11 am to 1 pm,.516421592,.533602679,193.64023803249496973008,187.40535596149059064225,190.52279699699278018616
100kB,10m,2,IIT Mandi-Wifi,11 am to 1 pm,.507271237,.534593249,394.26639125608456290219,374.11620961191748981476,384.19130043400102635847
100kB,10m,5,IIT Mandi-Wifi,11 am to 1 pm,.543681053,.579236365,919.65684152690161891663,863.20547226001599537004,891.43115689345880714333
500kB,0,1,IIT Mandi-Wifi,11 am to 1 pm,.583764634,.634455940,856.50957745412168973566,788.07678906749616056869,822.29318326080892515217
500kB,0,2,IIT Mandi-Wifi,11 am to 1 pm,.618677943,.605280517,1616.34984940783641287822,1652.12652962361912600600,1634.23818951572776944211
500kB,0,5,IIT Mandi-Wifi,11 am to 1 pm,.746449754,.768766770,3349.18725152396526879959,3251.96157997307818078557,3300.57441574852172479258
500kB,5m,1,IIT Mandi-Wifi,11 am to 1 pm,.804486834,.544929788,621.51421113250934818903,917.54939996049546111434,769.53180554650240465168
500kB,5m,2,IIT Mandi-Wifi,11 am to 1 pm,133.819408711,.749957164,7.47275757404986700322,1333.40949057191751821174,670.44112407298369260748
500kB,5m,5,IIT Mandi-Wifi,11 am to 1 pm,.798074722,.827119769,3132.53875994834478669279,3022.53687277059871603673,3077.53781635947175136476
500kB,10m,1,IIT Mandi-Wifi,11 am to 1 pm,.730932280,.917632175,684.05789931729379909175,544.88063259115778062163,614.46926595422578985669
500kB,10m,2,IIT Mandi-Wifi,11 am to 1 pm,.620306419,.674906495,1612.10648377959151830089,1481.68673350817286178287,1546.89660864388219004188
500kB,10m,5,IIT Mandi-Wifi,11 am to 1 pm,.831705065,.836227782,3005.87324185647468673285,2989.61605176614426331030,2997.74464681130947502157
1MB,0,1,IIT Mandi-Wifi,11 am to 1 pm,.684161106,.751992335,1496.72349249271705895540,1361.71600738456995043706,1429.21974993864350469623
1MB,0,2,IIT Mandi-Wifi,11 am to 1 pm,.748768657,.718210562,2735.15722226604899141765,2851.53144266903721752841,2793.34433246754310447303
1MB,0,5,IIT Mandi-Wifi,11 am to 1 pm,.967892641,.896458065,5289.84288454777083071137,5711.36587409696626467407,5500.60437932236854769272
1MB,5m,1,IIT Mandi-Wifi,11 am to 1 pm,.980091756,.753408610,1044.80013603950771319415,1359.15622201344367434293,1201.97817902647569376854
1MB,5m,2,IIT Mandi-Wifi,11 am to 1 pm,.857485527,.823215476,2388.37850379251940423712,2487.80551351053560611146,2438.09200865152750517429
1MB,5m,5,IIT Mandi-Wifi,11 am to 1 pm,1.074811663,1.748087115,4763.62527152815236989105,2928.91581664681511024123,3846.27054408748374006614
1MB,10m,1,IIT Mandi-Wifi,11 am to 1 pm,.781999987,.868008643,1309.46293736958847289597,1179.71175547384497644915,1244.58734642171672467256
1MB,10m,2,IIT Mandi-Wifi,11 am to 1 pm,.985493822,.784757861,2078.14595513517080171000,2609.72218537610800690023,2343.93407025563940430511
1MB,10m,5,IIT Mandi-Wifi,11 am to 1 pm,.966502581,.985751204,5297.45093355317175298883,5194.00836562407079748289,5245.72964958862127523586
10MB,0,1,IIT Mandi-Wifi,11 am to 1 pm,1.726488808,2.113603679,5931.11287634828386330321,4844.80610141859996260916,5387.95948888344191295618
10MB,0,2,IIT Mandi-Wifi,11 am to 1 pm,2.311363264,2.210207728,8860.57173226752469489798,9266.09736295338842467390,9063.33454761045655978594
10MB,0,5,IIT Mandi-Wifi,11 am to 1 pm,4.624287595,4.700287434,11071.97572559281966544730,10892.95085012028649480247,10982.46328785655308012488
10MB,5m,1,IIT Mandi-Wifi,11 am to 1 pm,2.464141819,2.521264641,4155.60497413075233394267,4061.45385671951760814782,4108.52941542513497104524
10MB,5m,2,IIT Mandi-Wifi,11 am to 1 pm,3.696790942,135.182031945,5539.93999696399385951535,151.49942418628881337015,2845.71971057514133644275
10MB,5m,5,IIT Mandi-Wifi,11 am to 1 pm,5.129152613,4.662633508,9982.15570155428323185282,10980.91881168713979052886,10481.53725662071151119084
10MB,10m,1,IIT Mandi-Wifi,11 am to 1 pm,3.589405191,1.348020794,2852.84036075825689638615,7596.32198967399608228892,5224.58117521612648933753
10MB,10m,2,IIT Mandi-Wifi,11 am to 1 pm,2.345479116,2.245970628,8731.69147416105153673003,9118.55201696787283186145,8925.12174556446218429574
10MB,10m,5,IIT Mandi-Wifi,11 am to 1 pm,4.739323938,4.535409607,10803.22861863847552005000,11288.94729176773117859650,11046.08795520310334932325
100MB,0,1,IIT Mandi-Wifi,11 am to 1 pm,9.607930308,9.189111043,10657.86248623567763705723,11143.62417875071487478160,10900.74333249319625591941
100MB,0,2,IIT Mandi-Wifi,11 am to 1 pm,17.691379577,17.011801778,11576.25944933395512776634,12038.70128941023921211128,11807.48036937209716993881
100MB,0,5,IIT Mandi-Wifi,11 am to 1 pm,144.526888535,42.575507071,3542.59338999060532151654,12025.69353187445916350246,7784.14346093253224250950
100MB,5m,1,IIT Mandi-Wifi,11 am to 1 pm,20.442202240,20.688573920,5009.24503132202648632048,4949.59200165112202185079,4979.41851648657425408563
100MB,5m,2,IIT Mandi-Wifi,11 am to 1 pm,20.625498296,20.493766061,9929.45707593972788059907,9993.28280563024623471132,9961.36994078498705765519
100MB,5m,5,IIT Mandi-Wifi,11 am to 1 pm,42.801102827,42.546065945,11962.30858979216928204035,12034.01509934833529530458,11998.16184457025228867246
100MB,10m,1,IIT Mandi-Wifi,11 am to 1 pm,10.716274407,10.694962848,9555.55971328161231174042,9574.60081492000709753190,9565.08026410080970463616
100MB,10m,2,IIT Mandi-Wifi,11 am to 1 pm,17.589010116,17.131035771,11643.63421530480857220742,11954.91053417169354645672,11799.27237473825105933207
100MB,10m,5,IIT Mandi-Wifi,11 am to 1 pm,42.492241659,41.444566189,12049.25840601202253460995,12353.85110957904928452042,12201.55475779553590956518
500MB,0,1,IIT Mandi-Wifi,11 am to 1 pm,52.621447964,50.557222215,9729.87289042816579383018,10127.13866720495810768507,9928.50577881656195075762
500MB,0,2,IIT Mandi-Wifi,11 am to 1 pm,215.695472521,264.038460349,4747.43390777617684087782,3878.22288709947866080677,4312.82839743782775084229
500MB,0,5,IIT Mandi-Wifi,11 am to 1 pm,642.436737680,323.184302846,3984.82815482315242305369,7921.17679434406573369061,5953.00247458360907837215
500MB,5m,1,IIT Mandi-Wifi,11 am to 1 pm,100.452584544,100.618598003,5096.93207321843460163425,5088.52250142398557864747,5092.72728732121009014086
500MB,5m,2,IIT Mandi-Wifi,11 am to 1 pm,126.640113098,178.136947180,8085.90560249722180013588,5748.38637469907044356254,6917.14598859814612184921
